Name,Price,Rating
N/A,"₹25,790.00",N/A
N/A,N/A,N/A
"Godrej 180 L 2 Star Advanced Capillary Technology, With Jumbo Vegetable Tray Direct Cool Single Door","₹12,640",4.1 out of 5 stars
"Godrej 180 L 4 Star Turbo Cooling Technology, With 24 Days Farm Freshness Direct Cool Single Door","₹14,840",4.2 out of 5 stars
Whirlpool 240 L Frost Free Multi-Door,"₹25,750",4.0 out of 5 stars
LG 242 L 3 Star Smart Inverter Frost-Free Double Door,"₹24,990",4.2 out of 5 stars
Samsung 189 L 5 Star Digital Inverter Direct Cool Single Door,"₹17,490",4.3 out of 5 stars
N/A,N/A,N/A
Haier 190 L 4 Star Direct Cool Single Door,N/A,4.2 out of 5 stars
Samsung 236L 3 Star Digital Inverter Frost-Free Double Door,"₹24,990",4.4 out of 5 stars
Samsung 183 L 4 Star Digital Inverter Direct Cool Single Door,"₹16,690",4.3 out of 5 stars
Whirlpool 192 L 3 Star Vitamgic Pro Inverter Direct-Cool Single Door,"₹15,790",4.1 out of 5 stars
Samsung 183 L 3 Star Digital Inverter Direct Cool Single Door,"₹14,490",4.1 out of 5 stars
Whirlpool 240 L Frost Free Multi-Door,"₹25,750",4.0 out of 5 stars
Godrej 180 L 2 Star Farm Fresh Crisper Technology With Jumbo Vegetable Tray Direct Cool Single Door,"₹11,990",4.0 out of 5 stars
N/A,N/A,N/A
Haier 165 L 1 Star Direct Cool Single Door,"₹10,990",3.7 out of 5 stars
Samsung 236 L 2 Star Digital Inverter Frost Free Double Door,"₹22,890",4.3 out of 5 stars
LG 185 L 4 Star Inverter Direct-Cool Single Door,"₹16,690",4.3 out of 5 stars
Samsung 183 L 2 Star Digital Inverter Direct Cool Single Door,"₹13,490",4.1 out of 5 stars
Samsung 192 L 3 Star Inverter Direct-Cool Single Door,"₹13,990",4.1 out of 5 stars
Samsung 256L 3 Star Convertible Digital Inverter with Display Frost-Free Double Door,"₹29,490",4.3 out of 5 stars
Whirlpool 184 L 3 Star Direct-Cool Single Door,"₹13,840",4.1 out of 5 stars
Samsung 223 L 3 Star Digital Inverter Direct Cool Single Door,"₹17,490",4.2 out of 5 stars
"Godrej 180 L 3 Star Turbo Cooling Technology, With 24 Days Farm Freshness Direct Cool Single Door","₹13,990",4.0 out of 5 stars
Samsung 256L 3 Star Convertible Digital Inverter with Display Frost-Free Double Door,"₹29,490",4.3 out of 5 stars
N/A,N/A,N/A
N/A,N/A,N/A
N/A,N/A,N/A
N/A,N/A,N/A
N/A,N/A,N/A
